{
    "skydio 2+ 4056 3040 brown 0.5833": {
        "projection_type": "brown",
        "width": 4056,
        "height": 3040,
        "focal_x": 0.5867231285973726,
        "focal_y": 0.5867231285973726,
        "c_x": 0.0009895111943514,
        "c_y": -0.0011586023161066397,
        "k1": 0.12210915545288599,
        "k2": -0.22087494642233133,
        "p1": -0.0004489159759521851,
        "p2": 0.000481523088849885,
        "k3": 0.08955004238525964
    }
}