{
    "dji unknown 1920 1080 brown 0.85": {
        "projection_type": "brown",
        "width": 1920,
        "height": 1080,
        "focal_x": 0.787908924374103,
        "focal_y": 0.787908924374103,
        "c_x": 0.00771457426492965,
        "c_y": 0.01914623512388075,
        "k1": 0.07023805166336501,
        "k2": -0.10140357125945515,
        "p1": 0.002988282669327071,
        "p2": 0.0004019236643637699,
        "k3": 0.049962251713394044
    },
    "dji unknown 3840 2160 brown 0.85": {
        "projection_type": "brown",
        "width": 3840,
        "height": 2160,
        "focal_x": 0.7386602370292568,
        "focal_y": 0.7386602370292568,
        "c_x": -0.00017558445955642685,
        "c_y": 0.004730136857192801,
        "k1": 0.07332442741151336,
        "k2": -0.10974067447687563,
        "p1": -0.0003051052880219549,
        "p2": -0.001247332462282511,
        "k3": 0.05200364859846988
    }
}